"675 W Peachtree St NW, Atlanta, GA, 30308"
"575 Morosgo Dr NE, Atlanta, GA, 30324"
"600 Galleria Pky SE, Atlanta, GA, 30339"
"121 Perimeter Ctr W, Atlanta, GA, 30346"
"1100 Abernathy Rd, Atlanta, GA, 30328"
"929-933 White St, Atlanta, GA, 30310"
"3900 N Commerce Dr, Atlanta, GA, 30344"
"201 17th St NW, Atlanta, GA, 30363"
"3017 Bolling Way NE, Atlanta, GA, 30305"
"8331 Roswell Rd Atlanta, GA, 30350"
"2302 Parklake Dr NE, Atlanta, GA, 30345"
"800 Forrest St NW, Atlanta, GA, 30318"
"420 Edgewood Ave, Atlanta, GA, 30312"
"6 W Druid Hills Dr NE, Atlanta, GA, 30329"
"144 Moreland Ave, Atlanta, GA, 30307"
"2227 Godby Rd, Atlanta, GA, 30349"
"777 Cleveland Ave SW, Atlanta, GA, 30315"
"1126 Ponce De Leon Avenue, Atlanta, GA, 30306"
"1923 Howell Mill Rd NW, Atlanta, GA, 30318"
"3006 Clairmont Rd, Atlanta, GA, 30329"
"4395 Fulton Industrial Blvd, Atlanta, GA, 30336"
"264 Memorial Dr SE, Atlanta, GA, 30312"
"999 Peachtree St NE, Atlanta, GA, 30309"
"1775 The Exchange SE, Atlanta, GA, 30339"
"3040 Briarcliff Rd, Atlanta, GA, 30329"
